{
    "apps": [
        {
            "name": "热门应用",
            "id": "hot",
            "items": [
                {
                    "name": "微箱",
                    "url": "apps/1.html",
                    "img": "res/微箱.svg"
                },
                {
                    "name": "一个函鸽",
                    "url": "apps/2.html",
                    "img": "res/一个函鸽.svg"
                },
                {
                    "name": "简函",
                    "url": "apps/3.html",
                    "img": "res/简函.svg"
                },
                 {
                    "name": "文件转存器",
                    "url": "apps/4.html",
                    "img": "res/柯小帆文件转存器.svg"
                },
                  {
                    "name": "IU浏览器",
                    "url": "apps/5.html",
                    "img": "res/IU浏览器.svg"
                },
                  {
                    "name": "课程时钟",
                    "url": "apps/3.html",
                    "img": "res/课程时钟.svg"
                }
            ]
        },
        {
            "name": "实用工具",
            "id": "a",
            "items": [
                {
                    "name": "微箱",
                    "url": "apps/1.html",
                    "img": "res/微箱.svg"
                },
                
                {
                    "name": "一个函鸽",
                    "url": "apps/2.html",
                    "img": "res/一个函鸽.svg"
                },
                 {
                    "name": "LBox",
                    "url": "apps/1.html",
                    "img": "res/LBox.svg"
                },
                
                {
                    "name": "One Tool",
                    "url": "apps/2.html",
                    "img": "res/One Tool.svg"
                },
                 {
                    "name": "IU浏览器",
                    "url": "apps/1.html",
                    "img": "res/IU浏览器.svg"
                },
                
                {
                    "name": "J2ME下载",
                    "url": "apps/2.html",
                    "img": "res/J2ME下载.svg"
                },
                 {
                    "name": "ROAM",
                    "url": "apps/1.html",
                    "img": "res/ROAM.svg"
                },
                
                {
                    "name": "MT浏览器",
                    "url": "apps/2.html",
                    "img": "res/MT浏览器.svg"
                },
                 {
                    "name": "悦商店管理",
                    "url": "apps/1.html",
                    "img": "res/UYS.svg"
                },
                
                {
                    "name": "海纳云",
                    "url": "apps/2.html",
                    "img": "res/海纳云.svg"
                },
                 {
                    "name": "文件转存器",
                    "url": "apps/1.html",
                    "img": "res/柯小帆文件转存器.svg"
                },
                
                {
                    "name": "简函",
                    "url": "apps/2.html",
                    "img": "res/简函.svg"
                },
                 {
                    "name": "浅岸",
                    "url": "apps/1.html",
                    "img": "res/浅岸.svg"
                },
                
                {
                    "name": "随搜",
                    "url": "apps/2.html",
                    "img": "res/随搜.svg"
                },
                 {
                    "name": "文件管理",
                    "url": "apps/1.html",
                    "img": "res/文件管理.svg"
                },
                
                {
                    "name": "轻浏览器",
                    "url": "apps/2.html",
                    "img": "res/轻浏览器.svg"
                },
                 {
                    "name": "晓啸网盘",
                    "url": "apps/1.html",
                    "img": "res/晓啸网盘.svg"
                },
                
                {
                    "name": "桌面时钟lite",
                    "url": "apps/2.html",
                    "img": "res/桌面时钟lite.svg"
                },
                 {
                    "name": "Device Info",
                    "url": "apps/2.html",
                    "img": "res/Device Info.svg"
                },
                 {
                    "name": "Ntxt阅读器",
                    "url": "apps/1.html",
                    "img": "res/Ntxt小说阅读器.svg"
                }
            ]
        },
         {
            "name": "学习工作",
            "id": "hot",
            "items": [
                {
                    "name": "多文言Duo",
                    "url": "apps/1.html",
                    "img": "res/多文言.svg"
                },
                {
                    "name": "E测评",
                    "url": "apps/2.html",
                    "img": "res/E测评.svg"
                },
                {
                    "name": "课程时钟",
                    "url": "apps/3.html",
                    "img": "res/课程时钟.svg"
                },
                 {
                    "name": "Maybe",
                    "url": "apps/4.html",
                    "img": "res/Maybe.svg"
                },
                  {
                    "name": "地理美图",
                    "url": "apps/5.html",
                    "img": "res/地理美图.svg"
                },
                 {
                    "name": "悟空",
                    "url": "apps/2.html",
                    "img": "res/悟空.svg"
                },
                 {
                    "name": "简译",
                    "url": "apps/2.html",
                    "img": "res/简译.svg"
                },
                 {
                    "name": "随诗",
                    "url": "apps/2.html",
                    "img": "res/随诗.svg"
                },
                 {
                    "name": "习书阁",
                    "url": "apps/2.html",
                    "img": "res/习书阁.svg"
                },
                 {
                    "name": "訫笔记",
                    "url": "apps/2.html",
                    "img": "res/訫笔记.svg"
                },
                  {
                    "name": "烂笔头",
                    "url": "apps/3.html",
                    "img": "res/烂笔头.svg"
                }
            ]
        },
         {
            "name": "休闲娱乐",
            "id": "hot",
            "items": [
                {
                    "name": "E简音乐",
                    "url": "apps/1.html",
                    "img": "res/E简音乐.svg"
                },
                {
                    "name": "轻听",
                    "url": "apps/2.html",
                    "img": "res/轻听.svg"
                },
                {
                    "name": "躺平发育",
                    "url": "apps/3.html",
                    "img": "res/躺平发育.svg"
                },
                 {
                    "name": "勇者",
                    "url": "apps/4.html",
                    "img": "res/勇者.svg"
                }
            ]
        },
         {
            "name": "编程开发",
            "id": "hot",
            "items": [
                {
                    "name": "Aide Lua",
                    "url": "apps/1.html",
                    "img": "res/Aide Lua Pro.svg"
                },
                {
                    "name": "Fusion论坛",
                    "url": "apps/2.html",
                    "img": "res/Fusion论坛.svg"
                },
                {
                    "name": "lua布局助手",
                    "url": "apps/3.html",
                    "img": "res/lua布局助手+.svg"
                },
                 {
                    "name": "软件加固",
                    "url": "apps/4.html",
                    "img": "res/软件加固.svg"
                }
            ]
        }
        
    ],
    "drawer": {
        "header": "images/drawerHeader.png",
        "items": [
            {
                "icon": "backup",
                "name": "应用管理",
                "subItems": [
                    {
                        "name": "上传应用",
                        "href": "https://jinshuju.net/f/hfTXqO"
                    },
                    {
                        "name": "更新应用",
                        "href": "https://jinshuju.net/f/EQ9Vxu"
                    }
                ]
            },
            {
                "icon": "insert_drive_file",
                "name": "商店文档",
                "href": "https://sparkling-store.github.io/docs/"
            },
            {
                "icon": "more",
                "name": "商店更多",
                "subItems": [
                    {
                        "name": "获取",
                        "dialog": "{target: '#download'}",
                        "href": "https://wds.ecsxs.com/223870.html"
                    },
                    {
                        "name": "官网",
                        "href": "https://qxiao.rth1.one/yue"
                    },
                    {
                        "name": "社区",
                        "href": "https://bwcxlg.top"
                    },
                    {
                        "name": "历史",
                        "href": "https://jq.qq.com/?_wv=1027&k=ENEdMXwI"
                    }
                ]
            },
            {
                "icon": "chat_bubble_outline",
                "name": "反馈漏洞",
                "subItems": [
                    {
                        "name": "企鹅反馈",
                        "href": "https://jq.qq.com/?_wv=1027&k=ENEdMXwI"
                    },
                    {
                        "name": "表单反馈",
                        "href": "https://jinshuju.net/f/I1o2HU"
                    }
                ]
            }
        ]
    }
}